f1_macro,prauc_macro,sensitivity,specificity,accuracy,far,Algorithm,Feature Set
0.29758700371272806,0.4044150839888741,0.4889684103306394,0.8445476364531486,0.6667580233918939,0.1554523635468514,Stochastic Gradient Descent,psd
0.21888197417452293,0.4381632457618063,0.4281307303260582,0.8033468686080862,0.6157387994670722,0.1966531313919138,Logistic Regression,psd
0.21194631766316352,0.2525113791840546,0.3325718769456456,0.8095821293277738,0.5710770031367097,0.1904178706722261,Random Forest,psd
0.25912867667495304,0.36834128637944225,0.4719794137750794,0.83362076935168,0.6528000915633797,0.16637923064832,Extreme Gradient Boosting,psd
0.4475803902539492,0.625916222159879,0.5811278317329542,0.915162584081307,0.7481452079071307,0.08483741591869302,Stochastic Gradient Descent,vector
0.38600770858093236,0.5887463331183104,0.5234871939206305,0.9054077754075042,0.7144474846640674,0.09459222459249579,Logistic Regression,vector
0.40432548153021236,0.49578774059359815,0.5456584460665519,0.8919224131207892,0.7187904295936706,0.1080775868792108,Random Forest,vector
0.34942274938513124,0.48130985460862635,0.46631954217093535,0.8489987211824529,0.6576591316766941,0.1510012788175472,Extreme Gradient Boosting,vector
