f1_macro,prauc_macro,sensitivity,specificity,accuracy,far,Algorithm,Feature Set
0.5293164360465831,0.5661714391600486,0.6470517872220659,0.7793378011529842,0.7131947941875251,0.22066219884701566,Stochastic Gradient Descent,psd
0.3433233158289397,0.6387994605011774,0.5534821903242956,0.6976638484709853,0.6255730193976404,0.3023361515290148,Logistic Regression,psd
0.3411717181229051,0.4275585978979081,0.46197423147887545,0.690295968545756,0.5761351000123157,0.30970403145424386,Random Forest,psd
0.2605815182709716,0.5439024911200031,0.4982456140350877,0.6754044596015709,0.5868250368183293,0.3245955403984291,Extreme Gradient Boosting,psd
0.6793967058714206,0.9162584833138997,0.7993834854515969,0.9071975885909614,0.8532905370212791,0.09280241140903843,Stochastic Gradient Descent,vector
0.6527436372706314,0.9021581003168181,0.778282604907992,0.8947523730871225,0.8365174889975573,0.10524762691287755,Logistic Regression,vector
0.5753900353403903,0.7656026060480907,0.7083350086446062,0.8464083353633057,0.777371672003956,0.15359166463669438,Random Forest,vector
0.44403845617172594,0.7461525125061836,0.5815662150027475,0.7441460949632273,0.6628561549829874,0.25585390503677274,Extreme Gradient Boosting,vector
