f1_macro,prauc_macro,sensitivity,specificity,accuracy,far,Algorithm,Feature Set
0.21876813611175847,0.28059348093596986,0.2812627681307457,0.8442646876932592,0.5627637279120025,0.1557353123067409,Stochastic Gradient Descent,psd
0.31039557322424305,0.30691689645395875,0.32097761321075924,0.8539160222520257,0.5874468177313925,0.14608397774797427,Logistic Regression,psd
0.18875095833499217,0.2131493685373894,0.2058580183861083,0.8035126031780843,0.5046853107820963,0.19648739682191574,Random Forest,psd
0.1744150434574744,0.2694064788016908,0.22825374531835205,0.8294891242909677,0.5288714348046598,0.1705108757090324,Extreme Gradient Boosting,psd
0.34985259960270054,0.4324553103093173,0.38155217909431394,0.8986439276452576,0.6400980533697858,0.10135607235474245,Stochastic Gradient Descent,vector
0.3897895158437824,0.40385898165722356,0.39759022812393596,0.9009708362682725,0.6492805321961042,0.09902916373172768,Logistic Regression,vector
0.38928091100063267,0.4265722096773013,0.4106937351038475,0.9077293815989267,0.6592115583513871,0.09227061840107335,Random Forest,vector
0.40473736124468085,0.41610749838039524,0.42901472591079337,0.9129461114183843,0.6709804186645889,0.08705388858161567,Extreme Gradient Boosting,vector
