f1_macro,prauc_macro,sensitivity,specificity,accuracy,far,Algorithm,Feature Set
0.5233371537078115,0.515513812897519,0.5482415675420388,0.7709456596873815,0.6595936136147101,0.22905434031261848,Stochastic Gradient Descent,psd
0.5493185516406978,0.5083067709852959,0.5623665328268445,0.7829161027836525,0.6726413178052485,0.21708389721634755,Logistic Regression,psd
0.3331926943047472,0.37997156873076143,0.3781441767124986,0.6727701535648555,0.525457165138677,0.3272298464351444,Random Forest,psd
0.3780424927913595,0.42842486440521305,0.4926796050391556,0.7350146052132808,0.6138471051262182,0.2649853947867193,Extreme Gradient Boosting,psd
0.7093803075321646,0.7122807316953779,0.7337960456844109,0.8870345499484573,0.8104152978164341,0.11296545005154275,Stochastic Gradient Descent,vector
0.6851953237049263,0.7123246344961379,0.717697217606605,0.8779328348864773,0.7978150262465411,0.12206716511352272,Logistic Regression,vector
0.6857555975731818,0.7052850162931906,0.70009994837831,0.8863028313359439,0.793201389857127,0.11369716866405609,Random Forest,vector
0.6943485981054843,0.7148000978540154,0.720827076753137,0.8887846026918874,0.8048058397225122,0.11121539730811253,Extreme Gradient Boosting,vector
